file,makespan,gap
abz5,1632,32.25283630470016
abz5,1524,30.388978930307943
abz5,1584,32.25283630470016
abz5,1543,30.388978930307943
abz5,1632,32.25283630470016
abz5,1808,30.388978930307943
abz5,1561,32.17179902755267
abz5,1632,32.25283630470016
abz5,1609,16.450567260940034
abz5,1584,46.51539708265802
abz6,1372,57.26405090137858
abz6,1372,57.26405090137858
abz6,1372,41.569459172852596
abz6,1483,57.26405090137858
abz6,1483,57.26405090137858
abz6,1483,57.26405090137858
abz6,1483,57.26405090137858
abz6,1483,55.037115588547195
abz6,1483,45.49310710498409
abz6,1483,41.569459172852596
abz7,1186,83.84146341463415
abz7,1254,84.7560975609756
abz7,1213,81.25
abz7,1204,82.46951219512195
abz7,1141,91.15853658536585
abz7,1254,91.15853658536585
abz7,1167,79.72560975609755
abz7,1141,91.15853658536585
abz7,1254,91.15853658536585
abz7,1222,82.16463414634147
abz8,1302,104.49612403100774
abz8,1351,106.51162790697674
abz8,1351,126.82170542635657
abz8,1332,123.41085271317829
abz8,1378,126.82170542635657
abz8,1332,111.93798449612402
abz8,1360,123.41085271317829
abz8,1358,107.28682170542636
abz8,1441,114.10852713178295
abz8,1463,109.45736434108527
abz9,1309,96.2178517397882
abz9,1309,96.2178517397882
abz9,1262,104.08472012102874
abz9,1291,95.31013615733737
abz9,1337,85.32526475037821
abz9,1291,81.54311649016641
abz9,1344,102.26928895612708
abz9,1316,88.80484114977307
abz9,1297,88.80484114977307
abz9,1297,95.31013615733737
ft06,63,7.2727272727272725
ft06,59,29.09090909090909
ft06,58,29.09090909090909
ft06,60,5.454545454545454
ft06,63,29.09090909090909
ft06,63,29.09090909090909
ft06,58,29.09090909090909
ft06,59,7.2727272727272725
ft06,64,5.454545454545454
ft06,71,16.363636363636363
ft10,1901,114.40860215053763
ft10,1717,114.40860215053763
ft10,1994,114.40860215053763
ft10,1901,104.40860215053765
ft10,1714,99.89247311827957
ft10,1994,114.40860215053763
ft10,1865,111.29032258064515
ft10,1642,76.55913978494624
ft10,1994,95.48387096774194
ft10,1901,114.40860215053763
ft20,2579,132.01716738197425
ft20,2462,159.05579399141632
ft20,2929,120.08583690987125
ft20,2703,97.08154506437768
ft20,2355,111.33047210300428
ft20,3139,51.072961373390555
ft20,2929,111.33047210300428
ft20,2673,132.01716738197425
ft20,3016,108.41201716738198
ft20,2590,151.41630901287553
la01,1094,64.26426426426426
la01,1094,64.26426426426426
la01,933,50.30030030030031
la01,1094,81.83183183183183
la01,1211,61.86186186186187
la01,1066,81.83183183183183
la01,955,64.26426426426426
la01,1192,64.26426426426426
la01,1001,77.62762762762763
la01,1066,53.453453453453456
la02,1211,84.88549618320612
la02,1211,84.88549618320612
la02,1095,84.88549618320612
la02,1211,53.43511450381679
la02,995,84.88549618320612
la02,1005,84.88549618320612
la02,1211,33.74045801526718
la02,906,30.076335877862597
la02,1211,26.106870229007633
la02,1211,84.88549618320612
la03,760,45.7286432160804
la03,900,28.14070351758794
la03,813,37.85594639865997
la03,900,27.80569514237856
la03,870,52.596314907872696
la03,674,45.7286432160804
la03,832,27.30318257956449
la03,674,40.871021775544385
la03,832,38.02345058626466
la03,760,29.145728643216078
la04,960,106.27118644067797
la04,999,78.13559322033899
la04,1217,40.847457627118644
la04,1219,31.35593220338983
la04,889,84.23728813559322
la04,1217,43.728813559322035
la04,889,51.52542372881356
la04,927,34.067796610169495
la04,1217,106.61016949152543
la04,1044,46.101694915254235
la05,875,14.165261382799327
la05,793,25.632377740303543
la05,745,25.632377740303543
la05,745,44.8566610455312
la05,820,30.354131534569984
la05,745,38.27993254637437
la05,859,38.27993254637437
la05,851,25.632377740303543
la05,859,25.632377740303543
la05,745,18.381112984822934
la06,1706,74.622030237581
la06,1617,84.66522678185746
la06,1706,42.87257019438445
la06,1710,50.0
la06,1451,84.66522678185746
la06,1617,71.59827213822895
la06,1298,74.622030237581
la06,1710,74.622030237581
la06,1153,71.59827213822895
la06,1298,46.11231101511879
la07,1734,94.83146067415731
la07,1515,94.83146067415731
la07,1273,70.2247191011236
la07,1227,94.83146067415731
la07,1194,97.52808988764045
la07,1626,76.74157303370787
la07,1626,70.2247191011236
la07,1626,70.2247191011236
la07,1226,100.89887640449437
la07,1734,44.38202247191011
la08,1462,56.083429895712634
la08,1768,84.00926998841251
la08,1768,79.37427578215527
la08,1348,61.41367323290846
la08,1768,79.02665121668598
la08,1588,41.13557358053303
la08,1267,104.86674391657009
la08,1447,71.14716106604867
la08,1588,47.27694090382387
la08,1768,104.86674391657009
la09,1431,50.262881177707676
la09,1855,84.75289169295478
la09,1334,40.063091482649845
la09,1855,95.05783385909568
la09,1567,55.83596214511041
la09,1855,95.05783385909568
la09,1507,32.70241850683491
la09,1847,101.36698212407991
la09,1896,72.02944269190326
la09,1507,78.44374342797056
la10,1453,51.67014613778706
la10,1115,51.67014613778706
la10,1453,35.699373695198325
la10,1159,51.1482254697286
la10,1453,57.62004175365344
la10,1453,25.156576200417536
la10,1453,15.1356993736952
la10,1453,10.438413361169102
la10,1115,20.45929018789144
la10,1371,51.67014613778706
la11,2018,93.04418985270048
la11,2079,41.65302782324059
la11,2091,78.96890343698854
la11,2050,60.392798690671036
la11,2090,72.66775777414075
la11,1765,68.00327332242226
la11,2108,65.38461538461539
la11,1834,72.50409165302783
la11,2187,71.11292962356792
la11,1968,90.67103109656301
la12,2030,87.39172281039461
la12,2030,74.01347449470644
la12,2236,74.01347449470644
la12,2236,61.116458132820014
la12,1638,44.36958614051973
la12,2149,48.12319538017324
la12,2036,85.46679499518768
la12,2236,115.20692974013475
la12,1333,55.72666025024061
la12,1770,69.87487969201155
la13,2642,71.30434782608695
la13,2677,41.391304347826086
la13,2366,59.21739130434782
la13,2194,126.95652173913044
la13,2376,95.56521739130434
la13,1970,129.7391304347826
la13,2642,54.95652173913044
la13,2564,60.52173913043478
la13,2677,126.95652173913044
la13,2133,126.95652173913044
la14,2010,76.54798761609906
la14,1750,35.44891640866873
la14,1990,76.54798761609906
la14,1992,54.024767801857585
la14,1811,76.54798761609906
la14,1705,76.54798761609906
la14,2281,54.024767801857585
la14,1928,38.93188854489164
la14,1990,31.965944272445824
la14,2362,31.037151702786375
la15,2209,83.01574150787076
la15,2557,71.91383595691798
la15,2434,89.6437448218724
la15,2434,56.917978458989225
la15,2025,64.70588235294117
la15,2557,89.6437448218724
la15,2051,111.84755592377795
la15,2209,80.7787903893952
la15,2131,109.6106048053024
la15,1867,61.723280861640426
la16,1463,53.333333333333336
la16,1463,53.333333333333336
la16,1463,53.333333333333336
la16,1449,54.81481481481482
la16,1463,54.81481481481482
la16,1463,53.333333333333336
la16,1449,53.333333333333336
la16,1449,53.333333333333336
la16,1463,54.81481481481482
la16,1449,54.81481481481482
la17,1097,39.9234693877551
la17,1097,36.98979591836735
la17,1074,39.9234693877551
la17,1074,36.98979591836735
la17,1074,36.98979591836735
la17,1112,38.9030612244898
la17,1074,36.98979591836735
la17,1074,39.9234693877551
la17,1097,36.224489795918366
la17,1074,37.5
la18,1262,45.87264150943396
la18,1174,37.5
la18,1262,35.613207547169814
la18,1262,35.613207547169814
la18,1174,48.82075471698113
la18,1091,48.82075471698113
la18,1262,48.82075471698113
la18,1150,40.44811320754717
la18,1086,48.82075471698113
la18,1150,48.82075471698113
la19,1316,65.20190023752969
la19,1316,56.294536817102134
la19,1316,56.294536817102134
la19,1316,56.294536817102134
la19,1316,56.294536817102134
la19,1316,56.294536817102134
la19,1316,56.294536817102134
la19,1316,45.01187648456057
la19,1153,56.294536817102134
la19,1316,65.20190023752969
la20,1489,65.07760532150776
la20,1489,73.28159645232816
la20,1548,71.61862527716187
la20,1489,73.28159645232816
la20,1489,61.75166297117517
la20,1563,73.28159645232816
la20,1489,63.968957871396896
la20,1489,70.17738359201773
la20,1563,71.61862527716187
la20,1489,72.72727272727273
la21,1819,73.90057361376672
la21,2197,70.26768642447419
la21,1793,110.03824091778202
la21,2197,80.11472275334609
la21,2197,110.03824091778202
la21,2197,93.49904397705545
la21,2024,110.03824091778202
la21,1885,71.41491395793498
la21,2197,110.03824091778202
la21,2197,84.32122370936902
la22,1635,66.77454153182309
la22,1562,84.14239482200647
la22,1802,92.55663430420712
la22,1635,94.39050701186623
la22,1802,84.14239482200647
la22,1546,94.39050701186623
la22,1802,82.95577130528586
la22,1684,90.72276159654801
la22,1802,94.39050701186623
la22,1802,66.77454153182309
la23,2027,70.63953488372093
la23,1908,75.29069767441861
la23,1908,83.81782945736434
la23,1908,75.96899224806202
la23,1908,96.41472868217055
la23,1995,83.81782945736434
la23,1897,93.31395348837209
la23,2027,75.67829457364341
la23,1897,96.41472868217055
la23,1828,71.41472868217055
la24,1920,90.26737967914438
la24,1678,98.71657754010695
la24,1920,105.3475935828877
la24,1920,74.11764705882354
la24,1920,104.1711229946524
la24,1705,105.3475935828877
la24,1920,105.3475935828877
la24,1859,82.24598930481284
la24,1920,83.74331550802138
la24,1920,81.3903743315508
la25,1899,92.22108495394063
la25,1878,98.25997952917092
la25,1896,83.52098259979529
la25,1847,92.22108495394063
la25,1754,76.86796315250768
la25,1899,92.22108495394063
la25,1937,92.22108495394063
la25,1937,85.15864892528148
la25,1654,94.06345957011258
la25,1847,94.06345957011258
la26,2416,100.98522167487684
la26,2670,112.06896551724137
la26,2521,127.17569786535303
la26,2625,90.80459770114942
la26,2415,127.17569786535303
la26,2336,115.51724137931035
la26,2619,119.21182266009853
la26,2385,115.51724137931035
la26,2670,100.08210180623973
la26,2481,119.21182266009853
la27,2520,127.69230769230768
la27,2966,97.00404858299595
la27,2520,89.7165991902834
la27,2386,103.88663967611336
la27,2817,128.09716599190284
la27,2616,128.09716599190284
la27,2937,136.43724696356276
la27,2616,136.43724696356276
la27,2763,93.60323886639677
la27,2543,128.09716599190284
la28,2772,102.05592105263158
la28,2551,127.96052631578947
la28,2667,109.7861842105263
la28,2764,132.4013157894737
la28,2496,109.7861842105263
la28,2791,121.05263157894737
la28,2457,121.05263157894737
la28,2337,127.96052631578947
la28,2753,125.4111842105263
la28,2628,132.89473684210526
la29,2434,101.12847222222223
la29,2923,126.90972222222223
la29,2726,143.22916666666669
la29,2670,153.73263888888889
la29,2803,131.77083333333331
la29,2670,114.0625
la29,2694,114.14930555555556
la29,2507,154.6875
la29,2923,131.77083333333331
la29,2538,111.28472222222223
la30,2279,87.30627306273064
la30,2279,85.90405904059041
la30,2444,73.50553505535056
la30,2538,92.76752767527675
la30,2612,70.18450184501846
la30,2326,80.3690036900369
la30,2137,66.93726937269373
la30,2612,87.30627306273064
la30,2371,92.76752767527675
la30,2371,87.30627306273064
la31,3626,108.5201793721973
la31,3596,108.6322869955157
la31,3626,103.25112107623318
la31,3670,101.56950672645739
la31,3683,84.30493273542601
la31,3658,109.24887892376682
la31,3892,106.89461883408072
la31,3626,100.39237668161437
la31,3733,105.88565022421525
la31,3800,105.4372197309417
la32,4402,121.24324324324324
la32,4093,115.56756756756756
la32,4093,105.35135135135134
la32,3763,121.24324324324324
la32,4412,106.37837837837839
la32,4093,138.48648648648648
la32,4186,137.94594594594594
la32,3720,138.48648648648648
la32,3698,137.94594594594594
la32,3763,121.24324324324324
la33,3072,82.14077952297848
la33,3266,89.99418266433973
la33,3098,79.29028504944735
la33,3138,89.99418266433973
la33,3082,93.01919720767889
la33,3023,79.29028504944735
la33,3162,96.39325189063409
la33,3162,73.76381617219313
la33,3098,76.14892379290285
la33,2987,71.26236183827807
la34,4400,158.22196397443346
la34,4569,121.61533991865194
la34,4519,119.34921557234166
la34,3390,134.8634514816967
la34,3813,119.34921557234166
la34,4519,128.47181871005228
la34,4400,168.15804764671702
la34,4400,165.1946542707728
la34,4214,144.85764090644975
la34,4564,119.63974433468914
la35,4490,128.17796610169492
la35,4308,128.17796610169492
la35,4308,131.03813559322032
la35,4308,130.08474576271186
la35,3713,89.77754237288136
la35,4326,125.3707627118644
la35,4154,122.35169491525424
la35,4255,100.7415254237288
la35,4490,128.17796610169492
la35,4344,89.77754237288136
la36,2121,66.48264984227129
la36,2149,60.094637223974765
la36,1998,64.98422712933754
la36,2139,66.6403785488959
la36,2113,67.27129337539432
la36,2064,54.81072555205048
la36,2166,66.6403785488959
la36,2092,70.82018927444796
la36,2112,69.6372239747634
la36,2048,59.54258675078864
la37,2371,76.30637079455977
la37,2435,72.8704366499642
la37,2482,72.8704366499642
la37,2478,72.8704366499642
la37,2435,60.05726556907659
la37,2422,74.30207587687903
la37,2435,73.80100214745883
la37,2464,67.57337151037939
la37,2265,76.521116678597
la37,2530,72.8704366499642
la38,2030,61.78929765886287
la38,1930,57.94314381270903
la38,2030,60.11705685618729
la38,1856,65.96989966555184
la38,1970,62.04013377926422
la38,1970,60.86956521739131
la38,1930,64.96655518394648
la38,1919,64.71571906354515
la38,1924,67.80936454849498
la38,1985,66.72240802675586
la39,2174,57.50202757502028
la39,1989,76.31792376317924
la39,1866,58.231954582319545
la39,1989,76.31792376317924
la39,2174,58.231954582319545
la39,1965,61.31386861313869
la39,2033,58.231954582319545
la39,2085,68.45093268450933
la39,1935,58.88077858880778
la39,1866,69.09975669099757
la40,2258,84.45171849427169
la40,2082,76.92307692307693
la40,2162,84.77905073649754
la40,2258,84.77905073649754
la40,2258,84.77905073649754
la40,2258,84.77905073649754
la40,2254,60.801963993453356
la40,2254,70.04909983633388
la40,2258,84.77905073649754
la40,2258,80.36006546644845
orb01,1712,65.91123701605288
orb01,1796,81.20868744098206
orb01,1883,81.20868744098206
orb01,1757,77.80925401322001
orb01,1712,68.83852691218131
orb01,1964,81.20868744098206
orb01,1919,81.20868744098206
orb01,1712,61.66194523135034
orb01,1796,81.20868744098206
orb01,1796,77.80925401322001
orb02,1435,60.47297297297297
orb02,1489,65.76576576576578
orb02,1435,67.68018018018019
orb02,1426,58.78378378378378
orb02,1410,61.5990990990991
orb02,1489,58.78378378378378
orb02,1410,61.5990990990991
orb02,1425,61.5990990990991
orb02,1435,60.47297297297297
orb02,1410,61.5990990990991
orb03,2665,174.72636815920396
orb03,2665,148.955223880597
orb03,2680,168.55721393034827
orb03,2502,174.72636815920396
orb03,2761,167.363184079602
orb03,2539,165.17412935323384
orb03,2680,166.66666666666669
orb03,2779,159.80099502487562
orb03,2665,165.17412935323384
orb03,2498,165.17412935323384
orb04,1493,53.53233830845772
orb04,1448,44.875621890547265
orb04,1449,50.34825870646766
orb04,1286,52.13930348258706
orb04,1420,44.875621890547265
orb04,1448,53.53233830845772
orb04,1476,52.13930348258706
orb04,1448,43.78109452736319
orb04,1493,44.17910447761194
orb04,1448,41.29353233830846
orb05,2216,155.35512965050734
orb05,2085,135.0620067643743
orb05,1970,142.50281848928975
orb05,2179,142.50281848928975
orb05,2340,142.50281848928975
orb05,2151,142.50281848928975
orb05,2049,142.50281848928975
orb05,2265,149.83089064261557
orb05,2110,163.8105975197294
orb05,2340,135.0620067643743
orb06,1936,78.91089108910892
orb06,2058,89.20792079207921
orb06,1927,103.76237623762377
orb06,1807,83.76237623762376
orb06,1807,99.10891089108911
orb06,1807,96.53465346534654
orb06,1902,88.31683168316832
orb06,1807,99.10891089108911
orb06,1807,78.91089108910892
orb06,2011,99.10891089108911
orb07,658,68.26196473551637
orb07,658,68.26196473551637
orb07,658,68.26196473551637
orb07,668,65.74307304785894
orb07,668,68.26196473551637
orb07,658,68.26196473551637
orb07,668,68.26196473551637
orb07,658,65.74307304785894
orb07,668,68.26196473551637
orb07,648,68.26196473551637
orb08,2449,172.41379310344826
orb08,2470,178.75417130144604
orb08,2449,174.74972191323693
orb08,2357,178.75417130144604
orb08,2258,172.41379310344826
orb08,2449,178.75417130144604
orb08,2449,172.41379310344826
orb08,2449,172.41379310344826
orb08,2357,164.293659621802
orb08,2357,172.41379310344826
orb09,1565,51.2847965738758
orb09,1413,56.63811563169164
orb09,1569,65.52462526766595
orb09,1496,65.52462526766595
orb09,1569,67.55888650963597
orb09,1413,46.03854389721627
orb09,1565,65.52462526766595
orb09,1569,65.52462526766595
orb09,1569,56.9593147751606
orb09,1547,67.55888650963597
orb10,2483,155.9322033898305
orb10,2418,147.24576271186442
orb10,2334,147.24576271186442
orb10,2449,171.92796610169492
orb10,2334,156.14406779661016
orb10,2334,171.39830508474577
orb10,2562,147.24576271186442
orb10,2418,147.24576271186442
orb10,2449,163.02966101694915
orb10,2418,171.92796610169492
swv01,4497,167.02203269367448
swv01,4127,177.25657427149963
swv01,3904,181.0234541577825
swv01,3803,186.78038379530918
swv01,3957,207.10732054015634
swv01,4497,194.24307036247336
swv01,4432,177.46979388770433
swv01,4021,214.99644633972994
swv01,3904,207.10732054015634
swv01,4050,210.0213219616205
swv02,3656,170.71186440677965
swv02,4221,170.71186440677965
swv02,4153,180.61016949152543
swv02,3656,164.0
swv02,4108,166.91525423728814
swv02,3774,186.16949152542372
swv02,4042,169.15254237288136
swv02,4241,164.0
swv02,3618,176.54237288135593
swv02,3926,145.28813559322035
swv03,3764,156.4645726807889
swv03,4117,151.9357195032871
swv03,3709,198.17384952520086
swv03,4082,200.73046018991965
swv03,4117,198.17384952520086
swv03,3616,166.91015339663988
swv03,4082,162.96566837107378
swv03,3601,198.17384952520086
swv03,4206,205.91672753834916
swv03,3705,198.17384952520086
swv04,4700,203.72413793103448
swv04,4723,201.44827586206895
swv04,4734,189.58620689655172
swv04,4700,224.13793103448273
swv04,4371,226.48275862068968
swv04,4700,193.10344827586206
swv04,4448,190.48275862068965
swv04,4700,188.89655172413794
swv04,4700,209.10344827586206
swv04,4700,186.3448275862069
swv05,4600,216.7837078651685
swv05,4357,198.38483146067415
swv05,4511,231.88202247191012
swv05,4473,222.9634831460674
swv05,4510,216.7134831460674
swv05,4207,223.0337078651685
swv05,4357,216.7837078651685
swv05,4726,216.7837078651685
swv05,4244,216.7837078651685
swv05,3831,195.43539325842696
swv06,4589,197.10873664362038
swv06,4676,189.1891891891892
swv06,4229,181.83532369578882
swv06,4176,182.4010056568196
swv06,4464,162.4764299182904
swv06,4360,183.34380892520429
swv06,4630,181.83532369578882
swv06,4589,173.22438717787557
swv06,4925,182.9666876178504
swv06,4508,173.22438717787557
swv07,3830,159.82019363762103
swv07,3830,188.0359612724758
swv07,4094,165.56016597510373
swv07,3892,180.29045643153526
swv07,4053,158.02213001383126
swv07,3980,186.65283540802213
swv07,4165,180.29045643153526
swv07,4145,176.3485477178423
swv07,4106,170.74688796680496
swv07,3972,174.89626556016597
swv08,4759,202.6829268292683
swv08,4675,209.93902439024393
swv08,4675,193.109756097561
swv08,5054,176.40243902439025
swv08,4743,185.0609756097561
swv08,4941,202.6829268292683
swv08,4941,201.28048780487805
swv08,5083,174.6341463414634
swv08,4505,197.7439024390244
swv08,4675,202.6829268292683
swv09,5300,224.7506234413965
swv09,4984,230.29925187032418
swv09,4984,208.79052369077309
swv09,5039,224.7506234413965
swv09,5141,223.81546134663344
swv09,5209,210.72319201995012
swv09,5023,219.5137157107232
swv09,5209,229.426433915212
swv09,5109,232.85536159600997
swv09,4926,224.7506234413965
swv10,4855,197.42489270386267
swv10,4775,189.02513795217658
swv10,4977,194.35928877988965
swv10,4714,200.06131207847946
swv10,4727,190.8645003065604
swv10,4735,191.9681177191907
swv10,4938,192.27467811158797
swv10,4851,192.27467811158797
swv10,4851,183.44573881054566
swv10,4775,188.65726548129982
swv11,11493,273.751257123701
swv11,11127,278.5786121354341
swv11,11317,302.27958431109624
swv11,10904,293.42943345625207
swv11,11736,285.2832718739524
swv11,11200,278.71270533020447
swv11,11765,294.40160911833726
swv11,12000,280.9587663426081
swv11,10762,278.5786121354341
swv11,11488,298.15621857190746
swv12,11043,264.53566621803503
swv12,10500,273.1830417227456
swv12,11043,261.8102288021534
swv12,10684,285.1615074024226
swv12,11447,268.67429340511444
swv12,10817,267.8667563930013
swv12,10884,265.27590847913865
swv12,10856,274.02422611036343
swv12,10500,271.5679676985195
swv12,11043,261.9448183041723
swv13,11324,264.819587628866
swv13,11955,264.69072164948454
swv13,11390,285.0515463917526
swv13,11320,245.39304123711338
swv13,11324,267.6868556701031
swv13,11121,255.7667525773196
swv13,11709,278.7048969072165
swv13,11320,274.06572164948454
swv13,11709,264.69072164948454
swv13,10927,277.2229381443299
swv14,11912,280.02021563342316
swv14,12137,322.1361185983827
swv14,12288,297.5404312668464
swv14,12529,314.01617250673854
swv14,11659,314.01617250673854
swv14,11859,286.7250673854448
swv14,12340,299.5619946091644
swv14,12592,314.01617250673854
swv14,12537,322.1361185983827
swv14,11916,322.4056603773585
swv15,11946,303.1195840554593
swv15,11897,305.19930675909876
swv15,11927,316.3951473136915
swv15,11620,287.7642980935875
swv15,12013,311.6811091854419
swv15,11897,291.33448873483536
swv15,12230,335.04332755632583
swv15,12270,303.1195840554593
swv15,11211,307.7642980935875
swv15,11503,333.8648180242634
swv16,6435,110.3625170998632
swv16,6067,124.4186046511628
swv16,6562,102.01778385772913
swv16,5862,115.5950752393981
swv16,5862,115.86867305061558
swv16,6110,97.19562243502052
swv16,6084,117.95485636114911
swv16,6151,108.96032831737345
swv16,6304,99.82900136798905
swv16,5912,115.5950752393981
swv17,6923,153.57909806728705
swv17,6430,117.39441660701505
swv17,6659,147.78095919828203
swv17,7101,155.5476020042949
swv17,7085,136.54259126700072
swv17,6907,145.8840372226199
swv17,6770,133.6435218324982
swv17,6923,133.35719398711524
swv17,6907,127.91696492483895
swv17,6770,147.2083035075161
swv18,5413,136.4656381486676
swv18,6218,113.39410939691446
swv18,6563,108.30995792426367
swv18,5816,95.30154277699859
swv18,5844,123.42215988779803
swv18,6447,112.48246844319776
swv18,6320,112.48246844319776
swv18,6582,136.4656381486676
swv18,6447,112.86816269284712
swv18,6060,132.29312762973353
swv19,8310,171.0517059444249
swv19,8071,184.31234611326065
swv19,7850,175.80021104467113
swv19,7338,171.0517059444249
swv19,7730,159.760816039395
swv19,7709,192.29686950404502
swv19,8310,175.80021104467113
swv19,7629,157.3338023214914
swv19,6797,171.8958846289131
swv19,7992,173.54906788603589
swv20,5892,100.70846617074034
swv20,5770,104.35706695005314
swv20,5360,90.86078639744952
swv20,5769,115.47998583067658
swv20,5394,109.21006021962452
swv20,5773,88.94792773645058
swv20,5637,108.21820758058803
swv20,5331,107.3326248671626
swv20,6063,110.48529932695715
swv20,5574,111.54799858306765
ta01,1937,57.35174654752234
ta01,1937,57.35174654752234
ta01,1841,55.56458164094232
ta01,1937,57.35174654752234
ta01,1841,57.35174654752234
ta01,1937,57.35174654752234
ta01,1841,49.553208773354996
ta01,1915,57.35174654752234
ta01,1915,57.35174654752234
ta01,1832,57.35174654752234
ta02,2047,67.36334405144694
ta02,2082,53.536977491961416
ta02,2082,71.86495176848875
ta02,2082,67.36334405144694
ta02,2047,54.662379421221864
ta02,1924,54.662379421221864
ta02,1924,59.4855305466238
ta02,2082,59.64630225080386
ta02,1986,59.64630225080386
ta02,1984,67.36334405144694
ta03,2127,74.30213464696223
ta03,2127,74.30213464696223
ta03,2146,77.83251231527095
ta03,2123,68.22660098522168
ta03,2166,82.01970443349754
ta03,2077,82.01970443349754
ta03,2166,74.30213464696223
ta03,2217,77.83251231527095
ta03,2145,77.83251231527095
ta03,2127,72.495894909688
ta04,2041,78.80851063829788
ta04,2089,70.72340425531914
ta04,2026,76.59574468085107
ta04,2095,72.42553191489361
ta04,2101,78.80851063829788
ta04,2101,78.80851063829788
ta04,2037,78.80851063829788
ta04,2101,72.42553191489361
ta04,2066,72.42553191489361
ta04,1998,78.80851063829788
ta05,2006,69.19934640522875
ta05,2000,75.49019607843137
ta05,2100,59.47712418300654
ta05,2028,68.13725490196079
ta05,2148,68.13725490196079
ta05,1958,59.47712418300654
ta05,2028,56.78104575163398
ta05,1893,71.56862745098039
ta05,2118,66.17647058823529
ta05,2052,75.49019607843137
ta06,1917,52.019386106623585
ta06,1847,54.36187399030694
ta06,1917,60.01615508885298
ta06,1917,64.45880452342489
ta06,1981,58.40064620355412
ta06,1882,49.19224555735057
ta06,1882,64.45880452342489
ta06,1981,57.996768982229405
ta06,1847,64.45880452342489
ta06,1882,49.19224555735057
ta07,2309,71.0676446617767
ta07,2309,73.92013039934801
ta07,2090,88.18255908720457
ta07,2219,73.92013039934801
ta07,2250,83.37408312958435
ta07,2309,62.51018744906276
ta07,2309,88.18255908720457
ta07,2309,62.51018744906276
ta07,2309,69.68215158924205
ta07,2250,83.37408312958435
ta08,2082,72.88414133114215
ta08,2104,74.28101889893179
ta08,2096,76.66392769104355
ta08,2082,67.05012325390304
ta08,2055,72.88414133114215
ta08,2104,67.05012325390304
ta08,2128,67.05012325390304
ta08,2104,72.88414133114215
ta08,2104,68.85784716516024
ta08,2096,76.66392769104355
ta09,2112,67.73940345368918
ta09,2069,65.54160125588697
ta09,2218,74.09733124018838
ta09,2112,72.05651491365776
ta09,2218,59.02668759811617
ta09,2218,74.09733124018838
ta09,2218,61.9309262166405
ta09,2192,74.09733124018838
ta09,2218,65.77708006279434
ta09,2218,72.05651491365776
ta10,2178,71.39403706688154
ta10,2092,68.5737308622079
ta10,2073,71.39403706688154
ta10,1989,74.61724415793715
ta10,2127,71.39403706688154
ta10,2167,71.87751813053988
ta10,2073,75.50362610797744
ta10,2073,74.61724415793715
ta10,2127,71.39403706688154
ta10,2167,67.04270749395648
ta11,2534,109.14588057445201
ta11,2673,97.27891156462584
ta11,2610,91.53439153439153
ta11,2532,94.17989417989418
ta11,2438,95.38926681783825
ta11,2613,84.27815570672713
ta11,2753,91.38321995464852
ta11,2610,97.27891156462584
ta11,2438,95.38926681783825
ta11,2686,95.38926681783825
ta12,2371,86.67653589933383
ta12,2458,86.67653589933383
ta12,2522,72.09474463360473
ta12,2390,75.49962990377497
ta12,2371,76.90599555884529
ta12,2522,80.45891931902295
ta12,2476,86.67653589933383
ta12,2290,82.75351591413768
ta12,2468,68.76387860843819
ta12,2469,73.94522575869726
ta13,2466,94.38377535101404
ta13,2644,103.43213728549141
ta13,2620,106.24024960998439
ta13,2478,109.59438377535102
ta13,2687,98.67394695787831
ta13,2525,98.67394695787831
ta13,2644,88.29953198127926
ta13,2478,96.9578783151326
ta13,2687,109.59438377535102
ta13,2687,109.59438377535102
ta14,2365,80.52044609665427
ta14,2379,86.98884758364312
ta14,2375,87.58364312267658
ta14,2551,85.42750929368029
ta14,2410,88.4014869888476
ta14,2488,89.66542750929368
ta14,2706,86.98884758364312
ta14,2523,86.98884758364312
ta14,2440,69.51672862453532
ta14,2599,92.93680297397769
ta15,2340,71.47239263803681
ta15,2320,93.48159509202453
ta15,2307,98.2361963190184
ta15,2340,76.91717791411043
ta15,2523,98.2361963190184
ta15,2585,98.2361963190184
ta15,2294,98.2361963190184
ta15,2395,98.2361963190184
ta15,2585,84.66257668711657
ta15,2485,98.2361963190184
ta16,2449,84.7926267281106
ta16,2449,88.09523809523809
ta16,2329,81.41321044546851
ta16,2432,84.7926267281106
ta16,2372,84.7926267281106
ta16,2432,91.321044546851
ta16,2406,84.7926267281106
ta16,2349,88.09523809523809
ta16,2406,86.78955453149003
ta16,2406,88.09523809523809
ta17,2682,80.64295485636114
ta17,2682,80.64295485636114
ta17,2573,84.61012311901504
ta17,2669,74.4186046511628
ta17,2541,82.55813953488372
ta17,2669,84.61012311901504
ta17,2672,83.44733242134062
ta17,2641,82.55813953488372
ta17,2573,80.64295485636114
ta17,2673,83.44733242134062
ta18,2541,107.45069393718043
ta18,2758,107.45069393718043
ta18,2454,94.74068663257852
ta18,2848,98.61212563915267
ta18,2758,107.45069393718043
ta18,2758,92.25712198685171
ta18,2848,98.39298758217677
ta18,2840,89.9926953981008
ta18,2758,87.36303871439006
ta18,2840,98.61212563915267
ta19,2623,92.59830377794911
ta19,2643,95.99074787972243
ta19,2575,102.23592906707788
ta19,2781,110.94834232845028
ta19,2717,107.01619121048573
ta19,2459,105.62837316885118
ta19,2416,103.77794911333847
ta19,2548,105.70547417116423
ta19,2594,89.59136468774093
ta19,2527,103.77794911333847
ta20,2369,83.00455235204855
ta20,2273,83.00455235204855
ta20,2459,76.93474962063733
ta20,2412,77.54172989377845
ta20,2412,83.00455235204855
ta20,2295,83.00455235204855
ta20,2412,94.0060698027314
ta20,2557,83.00455235204855
ta20,2459,83.00455235204855
ta20,2412,83.00455235204855
ta21,2867,83.82066276803118
ta21,2921,85.38011695906432
ta21,2938,83.82066276803118
ta21,2826,82.58609486679663
ta21,3018,96.10136452241716
ta21,3018,96.10136452241716
ta21,2828,83.62573099415205
ta21,2921,81.02664067576349
ta21,2921,96.10136452241716
ta21,2829,96.10136452241716
ta22,3454,119.12640635340834
ta22,3086,122.50165453342157
ta22,3362,112.04500330906684
ta22,3211,107.80939774983456
ta22,3265,126.27399073461282
ta22,3362,116.21442753143614
ta22,3362,126.27399073461282
ta22,3204,121.6412971542025
ta22,3454,121.3765718067505
ta22,3114,122.50165453342157
ta23,2938,94.22554347826086
ta23,2938,96.94293478260869
ta23,2859,99.59239130434783
ta23,2837,99.59239130434783
ta23,2892,94.22554347826086
ta23,2899,94.22554347826086
ta23,2805,94.22554347826086
ta23,2877,94.22554347826086
ta23,2859,94.02173913043478
ta23,2837,92.73097826086956
ta24,2932,77.21598002496879
ta24,2839,83.02122347066168
ta24,2847,77.21598002496879
ta24,2839,80.27465667915106
ta24,2839,77.21598002496879
ta24,2847,77.71535580524345
ta24,2847,70.2247191011236
ta24,2847,72.53433208489388
ta24,2764,74.53183520599251
ta24,2839,77.71535580524345
ta25,2863,98.0718085106383
ta25,2937,95.27925531914893
ta25,2899,90.3590425531915
ta25,2937,95.27925531914893
ta25,2937,95.27925531914893
ta25,2921,95.27925531914893
ta25,2899,95.27925531914893
ta25,2937,95.27925531914893
ta25,2854,101.4627659574468
ta25,2937,98.0718085106383
ta26,3078,96.36127355425602
ta26,3022,95.45159194282002
ta26,3078,96.36127355425602
ta26,3022,96.36127355425602
ta26,2956,100.0
ta26,2890,96.36127355425602
ta26,2879,100.0
ta26,3022,87.5243664717349
ta26,2886,96.36127355425602
ta26,2893,96.36127355425602
ta27,3331,100.43316831683168
ta27,3224,106.12623762376239
ta27,3066,106.12623762376239
ta27,3239,106.12623762376239
ta27,3331,91.0891089108911
ta27,3331,106.12623762376239
ta27,3224,102.78465346534654
ta27,3331,100.43316831683168
ta27,3224,106.12623762376239
ta27,3331,102.78465346534654
ta28,3042,102.63984915147705
ta28,3198,89.81772470144563
ta28,3301,102.828409805154
ta28,3057,107.47957259585166
ta28,3198,101.00565681961031
ta28,3039,92.14330609679446
ta28,3198,107.47957259585166
ta28,3057,101.00565681961031
ta28,3314,101.00565681961031
ta28,3301,101.00565681961031
ta29,3112,101.3870541611625
ta29,3112,106.93527080581242
ta29,3133,107.001321003963
ta29,3049,101.3870541611625
ta29,3049,101.3870541611625
ta29,3152,106.0105680317041
ta29,3034,106.0105680317041
ta29,3114,108.1902245706737
ta29,3049,101.3870541611625
ta29,3119,101.3870541611625
ta30,2780,91.58180583842498
ta30,2772,90.020366598778
ta30,2822,88.73048200950441
ta30,2822,94.09368635437882
ta30,2822,91.58180583842498
ta30,2926,98.64222674813307
ta30,2926,98.64222674813307
ta30,2760,91.58180583842498
ta30,2859,91.58180583842498
ta30,2772,87.37270875763747
ta31,3818,127.43764172335601
ta31,3920,118.3106575963719
ta31,4043,129.1950113378685
ta31,3879,104.70521541950113
ta31,4043,122.67573696145124
ta31,3896,127.43764172335601
ta31,4043,108.44671201814057
ta31,3882,122.84580498866214
ta31,4043,129.1950113378685
ta31,3615,127.43764172335601
ta32,4088,135.28748590755356
ta32,3987,119.89853438556935
ta32,3901,125.08455467869221
ta32,4111,124.91544532130779
ta32,4226,125.08455467869221
ta32,4008,118.03833145434048
ta32,4253,118.03833145434048
ta32,4001,118.03833145434048
ta32,3920,124.74633596392333
ta32,3920,132.29988726042842
ta33,3693,110.8548931383577
ta33,3942,121.7097862767154
ta33,3924,107.7052868391451
ta33,3785,105.45556805399326
ta33,3924,92.01349831271091
ta33,3942,102.81214848143982
ta33,3858,112.87964004499437
ta33,3785,109.4488188976378
ta33,3901,112.87964004499437
ta33,3679,115.5230596175478
ta34,3951,119.20131291028446
ta34,4269,134.19037199124725
ta34,3767,121.1159737417943
ta34,3951,133.53391684901533
ta34,3994,128.11816192560175
ta34,4129,119.20131291028446
ta34,4269,117.01312910284464
ta34,4229,123.96061269146608
ta34,4069,134.19037199124725
ta34,4219,133.53391684901533
ta35,4002,103.83657199800697
ta35,3496,99.40209267563527
ta35,3707,99.40209267563527
ta35,3707,99.40209267563527
ta35,3913,84.70353761833582
ta35,3527,99.40209267563527
ta35,3736,99.40209267563527
ta35,4002,99.40209267563527
ta35,3831,103.83657199800697
ta35,4091,91.28051818634778
ta36,4577,149.80758658603628
ta36,4625,151.01704233095109
ta36,4715,148.92798240791646
ta36,4407,142.2759758108851
ta36,4471,132.82023089609675
ta36,4430,147.05882352941177
ta36,4571,136.17372182517866
ta36,4485,146.56404617921933
ta36,4401,159.20835623969214
ta36,4715,157.6690489279824
ta37,4195,125.29644268774705
ta37,4079,130.37831733483907
ta37,3985,140.09034443817052
ta37,4252,123.94127611518917
ta37,4388,130.37831733483907
ta37,4297,133.25804630152456
ta37,4039,137.09768492377188
ta37,4332,147.76962168266516
ta37,4039,147.76962168266516
ta37,4388,128.06324110671937
ta38,4079,163.0005977286312
ta38,4552,143.09623430962344
ta38,4139,133.47280334728032
ta38,4283,172.086072922893
ta38,4382,160.2510460251046
ta38,4012,168.26060968320382
ta38,3660,163.0005977286312
ta38,4079,162.64196054991032
ta38,4471,157.919904363419
ta38,4067,166.88583383144052
ta39,3651,118.66295264623956
ta39,3713,106.85236768802228
ta39,3940,118.66295264623956
ta39,3991,115.65459610027855
ta39,3985,118.66295264623956
ta39,3712,115.87743732590529
ta39,3859,108.52367688022284
ta39,3669,106.85236768802228
ta39,3859,118.66295264623956
ta39,3925,119.49860724233983
ta40,3674,125.26057633353771
ta40,3906,118.1483752299203
ta40,3674,131.88228080931944
ta40,3765,125.26057633353771
ta40,3487,125.26057633353771
ta40,3734,104.29184549356223
ta40,3588,119.9877375843041
ta40,3906,133.10852237890865
ta40,3802,118.1483752299203
ta40,3588,119.9877375843041
ta41,4057,108.98332436793976
ta41,3899,118.23561054330285
ta41,3899,122.32383001613772
ta41,3899,108.3916083916084
ta41,3889,118.23561054330285
ta41,4133,114.09359870898332
ta41,3884,118.23561054330285
ta41,3899,108.3916083916084
ta41,3877,104.84131253362024
ta41,4057,107.8536847767617
ta42,4252,137.86823781467595
ta42,4165,132.99410819496518
ta42,4441,131.97643277986074
ta42,4290,137.1719335832887
ta42,4327,136.5827530798072
ta42,4300,130.20889126941617
ta42,4219,131.97643277986074
ta42,4235,133.04767005891804
ta42,4265,120.78200321371185
ta42,4242,127.2094268880557
ta43,4416,144.1127694859038
ta43,4497,142.28855721393035
ta43,4388,142.56495301271423
ta43,4612,144.05749032614705
ta43,4624,144.05749032614705
ta43,4226,152.23880597014926
ta43,4563,144.1127694859038
ta43,4563,146.37921503593145
ta43,4506,152.29408512990602
ta43,4320,152.29408512990602
ta44,4639,142.50129735339908
ta44,4696,142.50129735339908
ta44,4639,143.12402698495072
ta44,4696,136.948624805397
ta44,4587,140.73689673066943
ta44,4677,127.86715101193565
ta44,4566,142.70887389724962
ta44,4556,140.73689673066943
ta44,4673,142.70887389724962
ta44,4587,136.1183186299948
ta45,4542,106.05908863294941
ta45,4073,127.44116174261393
ta45,4115,115.52328492739107
ta45,4112,120.18027040560841
ta45,4117,101.55232849273912
ta45,4170,110.61592388582875
ta45,4025,106.05908863294941
ta45,4542,110.0650976464697
ta45,4150,101.75262894341512
ta45,4083,120.18027040560841
ta46,4345,118.8659793814433
ta46,4190,121.08247422680411
ta46,4068,112.52577319587628
ta46,4135,112.52577319587628
ta46,4254,118.50515463917526
ta46,4049,128.14432989690724
ta46,4132,112.52577319587628
ta46,4224,121.95876288659795
ta46,4345,112.52577319587628
ta46,4044,123.96907216494846
ta47,4167,137.28339854667414
ta47,4297,137.28339854667414
ta47,4213,141.2520961430967
ta47,4213,148.5746226942426
ta47,4447,142.2023476802683
ta47,4259,148.5746226942426
ta47,4053,148.5746226942426
ta47,4333,138.06595863610954
ta47,4447,148.5746226942426
ta47,4167,137.28339854667414
ta48,3883,96.1297071129707
ta48,4055,111.92468619246863
ta48,3934,103.39958158995816
ta48,3934,100.31380753138075
ta48,4055,100.31380753138075
ta48,4009,110.14644351464436
ta48,3954,101.2029288702929
ta48,3929,96.02510460251045
ta48,3730,112.081589958159
ta48,4052,102.82426778242677
ta49,4108,104.12532637075718
ta49,4128,112.48041775456919
ta49,4108,104.12532637075718
ta49,3869,119.68668407310705
ta49,4069,107.46736292428199
ta49,3981,107.88511749347258
ta49,3825,115.56135770234988
ta49,3825,104.12532637075718
ta49,3909,105.8485639686684
ta49,3973,112.48041775456919
ta50,4128,130.38184836745987
ta50,4347,140.5644714997233
ta50,4253,120.97399003873824
ta50,4079,128.44493635860545
ta50,4029,128.44493635860545
ta50,4079,117.87493082457112
ta50,4163,132.8168234643055
ta50,4173,119.2584394023243
ta50,4253,120.97399003873824
ta50,4164,123.13226342003321
ta51,6698,147.93478260869566
ta51,6727,143.9855072463768
ta51,6675,143.3695652173913
ta51,6670,141.41304347826087
ta51,6535,141.41304347826087
ta51,6755,133.80434782608697
ta51,6591,145.0
ta51,6717,142.17391304347825
ta51,6835,143.3695652173913
ta51,6690,146.231884057971
ta52,6980,143.57764876632802
ta52,6796,154.7169811320755
ta52,6981,139.477503628447
ta52,6646,142.70682148040638
ta52,6796,150.1088534107402
ta52,7020,143.65021770682148
ta52,7043,149.8911465892598
ta52,6981,158.99854862119014
ta52,7020,153.30188679245282
ta52,7072,146.58925979680697
ta53,6727,138.8295914611704
ta53,6719,136.98932646301068
ta53,6719,145.78579315421422
ta53,6489,143.13581155686418
ta53,6660,141.44276775855724
ta53,6719,139.97055576002944
ta53,6372,145.08649245491353
ta53,6606,149.42951785057048
ta53,6355,138.0934854619065
ta53,6441,134.44976076555025
ta54,7232,152.80028178936246
ta54,7080,152.2367030644593
ta54,7057,152.2367030644593
ta54,7177,154.73758365621697
ta54,7272,147.55195491370202
ta54,6969,145.0158506516379
ta54,7065,149.3835857696372
ta54,7128,146.42479746389574
ta54,7100,136.63261711870376
ta54,7272,143.99436421275095
ta55,7305,162.4113475177305
ta55,7241,185.77827547592386
ta55,7103,185.77827547592386
ta55,7319,175.66256065696155
ta55,7615,172.67637178051513
ta55,7139,160.54497946995147
ta55,7615,189.06308324001492
ta55,7305,158.90257558790591
ta55,7656,168.5330347144457
ta55,7139,162.5979843225084
ta56,7613,189.06868033081625
ta56,7586,172.7076591154261
ta56,7310,177.81373606616324
ta56,7107,176.91477885652642
ta56,7531,176.91477885652642
ta56,8039,175.512405609493
ta56,7956,187.23480762315714
ta56,8039,170.80186983099603
ta56,7501,173.57065803667746
ta56,7484,187.4145990650845
ta57,7412,133.09548080190282
ta57,6813,132.21202854230376
ta57,6856,151.85185185185185
ta57,6731,133.09548080190282
ta57,6961,132.6197757390418
ta57,7412,136.5273530411145
ta57,7163,128.40638803941556
ta57,7000,135.33809038396194
ta57,6722,151.85185185185185
ta57,7000,137.85253143051307
ta58,8447,187.48700173310223
ta58,8367,187.00173310225304
ta58,8447,185.40727902946276
ta58,7790,187.48700173310223
ta58,8240,170.01733102253033
ta58,8013,185.1993067590988
ta58,7825,192.79029462738302
ta58,8013,189.2894280762565
ta58,8013,165.6152512998267
ta58,8294,187.48700173310223
ta59,6810,149.30320150659134
ta59,6707,152.95668549905838
ta59,6948,156.49717514124293
ta59,7143,151.75141242937852
ta59,7045,167.64595103578154
ta59,6810,152.6177024482109
ta59,6810,159.32203389830508
ta59,6948,149.19020715630884
ta59,6616,149.30320150659134
ta59,6686,153.10734463276836
ta60,6940,154.86595666544252
ta60,7070,160.19096584649284
ta60,7209,153.94785163422696
ta60,6913,160.99889827396254
ta60,6940,151.15681233933162
ta60,7181,160.99889827396254
ta60,6924,150.60594932060226
ta60,6913,166.83804627249356
ta60,7266,154.86595666544252
ta60,7266,160.99889827396254
ta61,6858,139.1213389121339
ta61,6785,137.72663877266388
ta61,6654,136.57601115760113
ta61,6844,139.1213389121339
ta61,6972,140.79497907949792
ta61,6785,135.84379358437937
ta61,7160,139.1213389121339
ta61,6654,139.1213389121339
ta61,6827,136.71548117154813
ta61,6818,143.09623430962344
ta62,7970,169.57127919135587
ta62,7577,177.79714186127572
ta62,7646,174.86929243638897
ta62,7437,168.87417218543047
ta62,7734,151.65562913907286
ta62,7714,162.112234227954
ta62,7827,171.97629836179854
ta62,7646,177.65772046009062
ta62,7621,151.51620773788775
ta62,7646,174.86929243638897
ta63,6762,136.76950998185117
ta63,6700,145.44464609800363
ta63,6762,143.19419237749545
ta63,6762,142.35934664246824
ta63,6762,138.43920145190563
ta63,6586,145.44464609800363
ta63,6586,140.47186932849365
ta63,6569,147.80399274047187
ta63,6714,144.21052631578948
ta63,6840,139.27404718693285
ta64,6451,139.78534418948928
ta64,6602,132.60547742413027
ta64,6442,137.41672834937083
ta64,6442,135.38119911176906
ta64,6096,138.74907475943746
ta64,6451,140.37749814951889
ta64,6499,144.33752775721686
ta64,6602,132.60547742413027
ta64,6144,131.45817912657293
ta64,6321,138.74907475943746
ta65,7097,158.09174311926606
ta65,6941,170.05504587155963
ta65,7287,165.46788990825686
ta65,7147,165.46788990825686
ta65,7434,170.05504587155963
ta65,7359,162.27522935779817
ta65,7495,168.11009174311926
ta65,7234,172.80733944954127
ta65,7287,168.11009174311926
ta65,7288,172.80733944954127
ta66,7802,167.73286467486818
ta66,7589,158.98066783831283
ta66,7589,174.23550087873463
ta66,7928,161.65202108963092
ta66,7594,170.96660808435854
ta66,7857,176.16871704745168
ta66,7620,172.37258347978909
ta66,7715,170.96660808435854
ta66,7594,167.73286467486818
ta66,7532,170.96660808435854
ta67,7017,149.02654867256638
ta67,7074,155.1858407079646
ta67,7260,148.24778761061947
ta67,7027,155.50442477876106
ta67,7136,155.50442477876106
ta67,6939,147.50442477876106
ta67,7304,146.30088495575222
ta67,7074,152.60176991150442
ta67,7136,152.60176991150442
ta67,7219,149.02654867256638
ta68,6727,153.52011494252872
ta68,7026,145.00718390804596
ta68,7026,152.3706896551724
ta68,6943,146.19252873563218
ta68,7058,153.125
ta68,6806,144.4683908045977
ta68,6625,144.43247126436782
ta68,7047,154.27442528735634
ta68,7026,138.2183908045977
ta68,6786,149.96408045977012
ta69,7030,131.32530120481925
ta69,7129,131.32530120481925
ta69,7079,127.80853142298925
ta69,7287,123.15206773038099
ta69,7104,131.03223705633346
ta69,7259,131.7486160859655
ta69,7268,133.27906219472484
ta69,7297,137.21914685770108
ta69,6935,130.51123412569197
ta69,7287,130.51123412569197
ta70,7394,139.96661101836395
ta70,7713,157.12854757929884
ta70,7620,166.04340567612687
ta70,7394,145.5091819699499
ta70,7771,166.04340567612687
ta70,7713,147.51252086811354
ta70,7675,157.12854757929884
ta70,7713,166.04340567612687
ta70,7870,157.12854757929884
ta70,7713,157.52921535893157
ta71,16464,None
ta71,16484,None
ta71,16802,None
ta71,17133,None
ta71,16334,None
ta71,17100,None
ta71,16323,None
ta71,16503,None
ta71,16811,None
ta71,16811,None
ta72,15771,None
ta72,15709,None
ta72,15772,None
ta72,15672,None
ta72,15989,None
ta72,15809,None
ta72,15558,None
ta72,15792,None
ta72,16053,None
ta72,15773,None
ta73,15415,None
ta73,16249,None
ta73,15343,None
ta73,16248,None
ta73,15606,None
ta73,15606,None
ta73,15781,None
ta73,15606,None
ta73,15921,None
ta73,15606,None
ta74,15698,None
ta74,15727,None
ta74,15243,None
ta74,15142,None
ta74,15562,None
ta74,15729,None
ta74,15173,None
ta74,15490,None
ta74,15052,None
ta74,15562,None
ta75,15547,None
ta75,15336,None
ta75,15548,None
ta75,15324,None
ta75,15324,None
ta75,15518,None
ta75,15220,None
ta75,15568,None
ta75,15399,None
ta75,15501,None
ta76,15573,None
ta76,15415,None
ta76,15203,None
ta76,15291,None
ta76,15195,None
ta76,15415,None
ta76,15573,None
ta76,15844,None
ta76,15358,None
ta76,15573,None
ta77,16364,None
ta77,16424,None
ta77,16117,None
ta77,16189,None
ta77,16285,None
ta77,16721,None
ta77,16285,None
ta77,16285,None
ta77,16447,None
ta77,16492,None
ta78,15624,None
ta78,15813,None
ta78,16017,None
ta78,15676,None
ta78,15602,None
ta78,15996,None
ta78,15610,None
ta78,15996,None
ta78,15866,None
ta78,15674,None
ta79,15568,None
ta79,15605,None
ta79,15819,None
ta79,15675,None
ta79,15533,None
ta79,16031,None
ta79,15473,None
ta79,16031,None
ta79,15759,None
ta79,15533,None
ta80,15466,None
ta80,15595,None
ta80,15473,None
ta80,15630,None
ta80,15451,None
ta80,15627,None
ta80,15534,None
ta80,15755,None
ta80,15560,None
ta80,15514,None
yn1,1518,80.99273607748184
yn1,1540,92.85714285714286
yn1,1593,78.57142857142857
yn1,1531,91.88861985472155
yn1,1473,85.59322033898306
yn1,1518,86.80387409200968
yn1,1473,86.80387409200968
yn1,1543,83.7772397094431
yn1,1593,85.59322033898306
yn1,1543,79.90314769975787
yn2,1619,74.56445993031359
yn2,1586,84.20441347270615
yn2,1620,84.20441347270615
yn2,1586,84.20441347270615
yn2,1586,88.03716608594657
yn2,1586,84.20441347270615
yn2,1620,84.20441347270615
yn2,1586,84.5528455284553
yn2,1586,84.90127758420442
yn2,1538,84.20441347270615
yn3,1974,124.42563482466747
yn3,1922,138.69407496977027
yn3,1974,118.98428053204353
yn3,1974,138.69407496977027
yn3,1974,118.98428053204353
yn3,1974,138.69407496977027
yn3,1974,132.4062877871826
yn3,1900,132.4062877871826
yn3,1974,122.2490931076179
yn3,1838,138.69407496977027
yn4,1880,84.20479302832244
yn4,1831,91.17647058823529
yn4,1918,104.79302832244008
yn4,1831,83.2244008714597
yn4,1880,108.93246187363835
yn4,1815,104.79302832244008
yn4,1880,97.7124183006536
yn4,1880,104.79302832244008
yn4,1804,99.45533769063181
yn4,1772,91.17647058823529
